c01a	../stills/plate-B.jpg
c01b	b01/b01-burnham-arrives-no10.jpg
c01c	b01/b01-google-page-brin-2003.jpg
c02a	b02/b02-clap-street-budd-2.jpg
c03a	b03/b03-patriot-launch-balikatan.jpg
c04a	b04/b04-trump-oval-office-aug-2026.jpg
c05a	b05/b05-barclays-hsbc-london.jpg
c05b	b04/b04-esso-forecourt-empty.jpg
c06a	b06/b06-musk-cabinet-meeting.jpg
c07a	b07/b07-andrew-chatham-house-2017.jpg
c08a	b08/b08-bezos-laugh-jurvetson.jpg
c08c	b08/b08-amazon-swindon-warehouse-2.jpg
c09a	b09/b09-ward-computer-station-seattle.jpg
c10a	b10/b10-farage-official-portrait-crop.jpg
c11a	b11/b11-blackburn-town-hall-green.jpg
c12a	b12/b12-hunt-budget-box-2023.jpg
