t-01a	B	The Host	8	15
t-01b	B	The Host	8	19
t-01c	B	The Host	6	11
t-02a	B	The Host	10	23
t-03a	B	The Host	10	22
t-03b	B	The Host	8	15
t-03c	B	The Host	10	20
t-04a	B	The Host	10	21
t-04b	B	The Host	8	14
t-04c	B	The Host	8	18
t-05a	B	The Host	8	16
t-05b	B	The Host	6	11
t-06a	B	The Host	8	16
t-06b	B	The Host	10	21
t-06c	B	The Host	8	15
t-07a	B	The Host	8	18
t-07b	B	The Host	10	22
t-08a	B	The Host	8	18
t-08b	B	The Host	8	15
t-08c	B	The Host	8	18
t-09a	B	The Host	10	27
t-10a	B	The Host	10	22
t-10b	B	The Host	8	18
t-11a	B	The Host	8	17
t-12a	B	The Host	8	18
t-12b	B	The Host	10	22
t-12c	B	The Host	6	11
t-12d	B	The Host	10	0
