s02-00-wide	roomv2	
s02-01-host-title	s02b	The Host
s03-01-host-card-british	s03a	The Host
s03-02-british-silent	s03b2	
s03-03-host-card-german	s03a	The Host
s03-04-german-silent	s03c	
s03-05-host-card-politician	s03a	The Host
s03-06-politician-silent	s03d2	
s04-01-host-round-one	s02b	The Host
s04-02-british-duke	s03b2	The British Soldier
s04-03-german-bosnia	s03c	The German Soldier
s04-04-british-france	s03b2	The British Soldier
s04-05-host-who-paid	s02b	The Host
s04-06-host-lives	s02b	The Host
s04-07-stare	s04a	
s04-08-politician-watch	s03d2	
s05-01-host-afford	s02b	The Host
s05-02-politician-shake	s05a	The Politician
s06-01-host-homes	s02b	The Host
s06-02-politician-no-money	s06a	The Politician
s06-03-british-some-on-it	s03b2	The British Soldier
s06-04-politician-spoken-for	s06a	The Politician
s07-01-host-quickfire	s07a	The Host
s07-02-host-rules	s07a	The Host
s07-03-german-wheelbarrows	s03c	The German Soldier
s08-01-plant	s08a	
s09-01-host-dubs	s02b	The Host
s09-02-politician-catches	s05a	
s09-03-british-what-build	s03b2	The British Soldier
s09-04-host-house-prices	s02b	The Host
s09-05-politician-pockets	s09b	
s09-06-host-minds-up	s02b	The Host
s10-01-soldiers-hands	s10a	
s10-02-host-next-time	s02b	The Host
s10-03-empty-room	s10b	
