v3-r1-01-politician-russia	v301	The Politician
v3-r1-02-british-drift	v302	
v3-r1-03-trench	v303	
v3-r1-04-host-snap	v304	The Host
v3-p-01-host-rules	v305	The Host
v3-p-02-host-world-war	v305	The Host
v3-p-03-british-no	s03b2f	The British Soldier
v3-p-04-german-no	s03cf	The German Soldier
v3-p-05-politician-capitalism	v301	The Politician
v3-p-06-host-drinks	s02bf	
v3-a1-01-british-reads	v307	The British Soldier
v3-a1-02-british-shells	v306	The British Soldier
v3-a1-03-politician-different	s06af	The Politician
v3-a1-04-british-how	v306	The British Soldier
v3-a1-05-politician-war	s06af	The Politician
v3-a1-06-british-in-it	v306	The British Soldier
v3-a1-07-host-card	s02bf	The Host
v3-a1-08-politician-as-i-was-saying	s06af	The Politician
v3-a1-09-host-spoken-for-what	s02bf	The Host
v3-a1-10-politician-middle-east	s06af	The Politician
v3-q-01-german-marx	s03cf	The German Soldier
v3-q-02-british-sergeant	s03b2f	The British Soldier
v3-q-03-host-keynes	s03af	The Host
v3-q-04-politician-psst	v308	The Politician
v3-z-01-german-zeppelins	v309	The German Soldier
v3-z-02-politician-irresponsible	v301	The Politician
v3-z-03-german-you-shook	s03cf	The German Soldier
v3-z-04-politician-responsibly	v301	The Politician
v3-ad-01-rope	v310	
v3-ad-02-yacht	v311	
v3-s-01-politician-house-prices	v301	The Politician
v3-s-02-politician-crypto	v301	The Politician
