t-01a	1.22	7.64	15	15	I'm from the future. I've seen how this ends. Look the fuck out. Moving on.
t-01b	0.68	6.18	17	19	This week, the prime minister no one voted for has a borrowing cost that is the highest
t-01c	0.00	4.74	11	11	The year Google was founded, and Bezos was still a virgin.
t-02a	0.00	9.18	23	23	The nurses got a clap off the government in 2020 and the middle finger to a pay rise this week. In other news
t-03a	0.00	8.96	20	23	No money for nurses but they have miraculously found 25 billion a year for defense and iron domes for good old Britannia.
t-03b	1.14	5.90	13	15	Hopefully the nurses will stay in this country and not leave for bigger paychecks.
t-03c	0.00	8.90	20	20	and a lunch break that doesn't consist of fighting crackheads, debating with fascists and calming down the elderly about AI.
t-04a	0.94	9.14	21	21	Trump says he'll stop bombing Iran until the election's out of the way. Or something. A war with an advert break.
t-04b	1.44	5.48	14	14	Americans filling up with petrol are wishing that sniper got more than his ear.
t-04c	0.58	7.60	18	18	I know what happens, but no spoilers. Let's just say underground bunkers aren't the worst investment right now.
t-05a	0.00	4.98	11	18	Britain's four biggest banks made £29 .2 billion in six months.
t-05b	0.66	5.56	11	11	And as you can see, the country is flourishing. Moving on.
t-06a	0.94	7.08	14	17	Elon Musk became a trillionaire again on Monday. He made $65 billion in one day.
t-06b	0.00	8.02	21	21	If only you could buy back your morals like saying no to ending world hunger and sucking off Jeffrey Epstein instead
t-06c	0.74	5.68	15	15	Safe to say that was an inside job, and ironically, Bush was there that time.
t-07a	0.00	7.76	20	20	Speaking of rich nonces, Andrew, the ex -Prince, owed £1 .8 million for the state he left Royal Lodge in.
t-07b	0.00	9.48	22	22	What the fuck did he do to rack up that bill? Actually, I shudder to imagine. Someone guillotine him, please. What's next?
t-08a	0.00	7.36	19	19	Jeff Bezos, a nerdy virgin not so long ago, announced AI could give everyone a three -day working week.
t-08b	0.58	5.38	15	15	Italians find two more days of work inhumane. The French have set fire to Macron.
t-08c	0.00	7.26	16	18	And Jeff Bezos has clearly never seen a vagina before. His company also cut about 30 ,000 jobs.
t-09a	0.90	9.56	27	27	Palantir has a £330 million contract to run the NHS's patient records. Thank God there is no book or film warning us of the dangers of this.
t-10a	0.00	9.30	20	22	Reform UK has taken £72 million in donations. Nigel Farage is being investigated over a £5 million gift he didn't declare.
t-10b	0.78	6.12	13	18	donor who lives in Thailand. When you're rich, it's not immigrant, it's expat.
t-11a	0.00	7.16	17	17	A reform councillor in Blackburn admitted farting during a council meeting. Chemical warfare is no joke. Onwards.
t-12a	0.00	5.96	14	18	The budget is soon, and it is to help the poor with Keynesian economics.
t-12b	0.00	8.96	23	23	They're going to give themselves raises and kill kids to feed the military industrial complex pig, getting stuffed with McDonald's and sprayed orange.
t-12c	0.00	4.80	11	11	Remember, you can still change. There is hope for this timeline.
t-12d	8.58	9.98	0	12	You
