t-01a	0.1	7.0	no	no	British accent, serious and flat	I'm from the future. I've seen how this ends. Look the fuck out. Moving on.
t-01b	0.1	7.5	no	no	British accent, animated	This week, the Prime Minister no one voted for has a borrowing cost that is the highest since 1998.
t-01c	0.1	5.2	no	no	British accent, animated	The year Google was founded and Bezos was still a virgin
t-02a	0.1	8.0	no	no	English accent, dry and deadpan delivery	The nurses got a clap off the government in 2020 and the middle finger to a pay rise this week. In other news
t-03a	0.1	8.1	no	no	British accent, sarcastic and animated	No money for nurses, but they have miraculously found 25 billion a year for defense and Iron Domes for good old Britannia.
t-03b	0.1	6.5	no	no	British accent, thoughtful and measured tone	Hopefully the nurses will stay in this country and not leave for bigger paychecks.
t-03c	0.0	5.2	no	no	British accent, clear and expressive with a deadpan comedic delivery	And a lunch break that doesn't consist of fighting crackheads, debating with fascists, and calming down the elderly about AI.
t-04a	0.1	8.0	laughter 8.1-11.0	no	Scottish accent, animated tone	Trump says he'll stop bombing Iran until the election's out of the way. Or something. A war with an advert break.
t-04b	0.1	8.0	no	no	British accent, flat tone	Americans filling up with petrol are wishing that sniper got more than his ear.
t-04c	0.1	7.8	no	no	British accent, calm and dry	I know what happens, but no spoilers. Let's just say underground bunkers aren't the worst investment right now.
t-05a	0.0	7.2	no	no	British accent, animated and emphatic	Britain's four biggest banks made 29.2 billion pounds in six months. Shell made 10.8 billion in three.
t-05b	0.1	5.4	no	no	British accent, clear and formal	And as you can see, the country is flourishing. Moving on.
t-06a	0.1	6.8	no	no	British accent, professional newsreader style	Elon Musk became a trillionaire again on Monday. He made $65 billion in one day.
t-06b	0.0	8.8	laughter 8.8-10.5	no	British male, animated	If only you could buy back your morals, like saying no to ending world hunger and sucking off Jeffrey Epstein instead.
t-06c	0.1	7.2	no	no	British male, calm and measured	Safe to say that was an inside job, and ironically, Bush was there that time.
t-07a	0.0	8.0	no	no	British accent, dry and animated tone	Speaking of rich nonces, Andrew, the ex-prince, owed 1.8 million pounds for the state he left Royal Lodge in.
t-07b	0.1	9.1	no	no	British accent, expressive and slightly incredulous tone	What the fuck did he do to rack up that bill? Actually, I shudder to imagine. Someone guillotine him, please. What's next?
t-08a	0.0	7.6	no	no	British accent, flat tone	Jeff Bezos, a nerdy virgin not so long ago, announced AI could give everyone a 3-day working week.
t-08b	0.0	7.3	no	no	British male, animated	Italians find two more days of work inhumane. The French have set fire to Macron.
t-08c	0.0	8.2	no	no	British accent, animated tone	And Jeff Bezos has clearly never seen a vagina before. His company also cut about 30,000 jobs.
t-09a	0.1	7.8	no	no	British accent, dry and sarcastic	Palantir has a 330 million pound contract to run the NHS's patient records. Thank God there is no book or film warning us of the dangers of this.
t-10a	0.1	9.2	no	no	British accent, clear and animated	Reform UK has taken 72 million pounds in donations. Nigel Farage is being investigated over a 5 million pound gift he didn't declare.
t-10b	0.0	6.2	no	no	British accent, animated tone	It came from his biggest donor, who lives in Thailand. When you're rich, it's not immigrant, it's expat.
t-11a	0.0	5.6	no	no	British accent, dry and humorous tone	A Reform councillor in Blackburn admitted farting during a council meeting. Chemical warfare is no joke. Onwards.
t-12a	0.0	5.2	no	no	British accent, dry and deadpan	The budget is soon, and it is to help the poor with Keynesian economics. Just fucking with you.
t-12b	0.1	10.4	no	no	British accent, passionate	They're going to give themselves raises and kill kids to feed the military industrial complex pig, getting stuffed with McDonald's and sprayed orange.
t-12c	0.1	5.2	no	no	British accent, serious and earnest	Remember, you can still change. There is hope for this timeline.
t-12d	6.2	7.9	no	no	American accent, calm and flat tone	Let's see here.
