id	scene	master	coded	sar	fps	flag	interlaced_share	filter	master_s	conform_s	conform_bytes	result	conform_file
gov.fdr.25.4	s01-dunkirk	gov.fdr.25.4.mpeg	368x480	40:23	30000/1001	30000/1001	0.99	yadif=1	809.009011	809.009000	6361843989	OK	s01-dunkirk/gov.fdr.25.4.picture-only.mov
gov.ntis.ava06858vnb1	s05-britain-paid	ava06858vnb1.mpeg	720x480	8:9	30000/1001	30000/1001	1.0	yadif=1	2525.556367	2525.490000	35399034717	OK	s05-britain-paid/gov.ntis.ava06858vnb1.picture-only.mov
berlin_airlift_TNA	_library	berlin_airlift_TNA.mpg	720x576	16:15	25/1	25/1	0.0	setfield=prog	613.104000	613.080000	3916609875	OK	_library/berlin_airlift_TNA.picture-only.mov
new_town_TNA	s10-key-in-the-door	new_town_TNA.mpg	720x576	16:15	25/1	25/1	0.12	setfield=prog	495.024000	495.000000	3844188289	OK	s10-key-in-the-door/new_town_TNA.picture-only.mov
men_of_the_world_TNA	_library	men_of_the_world_TNA.mpg	720x576	16:15	25/1	25/1	0.0	setfield=prog	576.024000	576.000000	3987358015	OK	_library/men_of_the_world_TNA.picture-only.mov
wing_to_wing_TNA	_library	wing_to_wing_TNA.mpg	720x576	16:15	25/1	25/1	0.0	setfield=prog	605.064000	605.040000	4308723928	OK	_library/wing_to_wing_TNA.picture-only.mov
pop_goes_the_weasel_TNA	s10b-outgrown	pop_goes_the_weasel_TNA.mpg	720x576	16:15	25/1	25/1	0.01	setfield=prog	581.064000	581.040000	4305589124	OK	s10b-outgrown/pop_goes_the_weasel_TNA.picture-only.mov
your_very_good_health_TNA	s09-nhs-opens	your_very_good_health_TNA.mpg	720x576	16:15	25/1	25/1	0.0	setfield=prog	517.104000	517.080000	4064923689	OK	s09-nhs-opens/your_very_good_health_TNA.picture-only.mov
london_airport_TNA	s04-the-word-actually	london_airport_TNA.mpg	720x576	16:15	25/1	25/1	0.0	setfield=prog	569.304000	569.280000	4284825102	OK	s04-the-word-actually/london_airport_TNA.picture-only.mov
DiaryForTimothy	s14-a-life-to-get-back-to	DiaryForTimothy.mpeg	720x576	16:15	25/1	25/1	0.0	setfield=prog	2239.039667	2239.080000	14351640487	OK	s14-a-life-to-get-back-to/DiaryForTimothy.picture-only.mov
festival_in_london_TNA	s10b-outgrown	festival_in_london_TNA.mpg	720x576	16:15	25/1	25/1	1.0	yadif=1	571.104000	571.080000	8760160022	OK	s10b-outgrown/festival_in_london_TNA.picture-only.mov
what_a_life_TNA	s07-victory	what_a_life_TNA.mpg	720x576	16:15	25/1	25/1	0.0	setfield=prog	669.024000	669.000000	4996218844	OK	s07-victory/what_a_life_TNA.picture-only.mov
charley_s_march_of_time_TNA	s09-nhs-opens	charley_s_march_of_time_TNA.mpg	720x576	16:15	25/1	25/1	0.0	setfield=prog	542.064000	542.040000	4104329958	OK	s09-nhs-opens/charley_s_march_of_time_TNA.picture-only.mov
charley_junior_s_school_days_TNA	s10b-outgrown	charley_junior_s_school_days_TNA.mpg	720x576	16:15	25/1	25/1	0.01	setfield=prog	525.024000	525.000000	4005287282	OK	s10b-outgrown/charley_junior_s_school_days_TNA.picture-only.mov
wonder_jet_TNA	s10b-outgrown	wonder_jet_TNA.mpg	720x576	16:15	25/1	25/1	0.0	setfield=prog	1154.064000	1154.040000	8501680966	OK	s10b-outgrown/wonder_jet_TNA.picture-only.mov
111-adc-4267	s07-victory	111-adc-4267.mp4	720x480	10:11	60/1	1106010000/18433427	0.26	yadif=1	614.485333	614.450000	14790152949	OK	s07-victory/111-adc-4267.picture-only.mov
gov.archives.arc.39216	s07-victory	gov.archives.arc.39216.mpeg	720x480	8:9	30000/1001	30000/1001	0.99	yadif=1	597.231022	597.297000	9134161004	OK	s07-victory/gov.archives.arc.39216.picture-only.mov
1946-06-10_Allied_Victory_Parade	s07-victory	1946-06-10_Allied_Victory_Parade.mpeg	720x480	8:9	30000/1001	30000/1001	1.0	yadif=1	153.480000	153.420000	1648031856	OK	s07-victory/1946-06-10_Allied_Victory_Parade.picture-only.mov
ProudCity	s10-key-in-the-door	ProudCity.mpeg	720x576	16:15	25/1	25/1	0.0	setfield=prog	1472.176000	1472.240000	10883853607	OK	s10-key-in-the-door/ProudCity.picture-only.mov
gov.fdr.352.1.4	s03-unemployed-builder	gov.fdr.352.1.4.mpeg	720x480	8:9	30000/1001	30000/1001	1.0	yadif=1	937.102833	937.103000	12377205884	OK	s03-unemployed-builder/gov.fdr.352.1.4.picture-only.mov
BrickPavements	s04-the-word-actually	BrickPavements.mpg	720x480	8:9	25/1	25/1	1.0	yadif=1	572.560000	572.560000	5537482258	OK	s04-the-word-actually/BrickPavements.picture-only.mov
BetterHo1935	s03-unemployed-builder	BetterHo1935.mpeg	368x480	40:23	30000/1001	30000/1001	1.0	yadif=1	271.338011	271.338000	2100461330	OK	s03-unemployed-builder/BetterHo1935.picture-only.mov
modern_guide_to_health_TNA	s09-nhs-opens	modern_guide_to_health_TNA.mpg	720x576	16:15	25/1	25/1	0.0	setfield=prog	526.104000	526.080000	3991404874	OK	s09-nhs-opens/modern_guide_to_health_TNA.picture-only.mov
coughs_and_sneezes_TNA	s14-a-life-to-get-back-to	coughs_and_sneezes_TNA.mpg	720x576	16:15	25/1	25/1	0.75	yadif=1	85.104000	85.080000	1265964719	OK	s14-a-life-to-get-back-to/coughs_and_sneezes_TNA.picture-only.mov
dont_spread_germs_TNA	s14-a-life-to-get-back-to	dont_spread_germs_TNA.mpg	720x576	16:15	25/1	25/1	0.73	yadif=1	62.064000	62.040000	916430451	OK	s14-a-life-to-get-back-to/dont_spread_germs_TNA.picture-only.mov
brief_city_TNA	s10b-outgrown	brief_city_TNA.mpg	720x576	16:15	25/1	25/1	0.0	setfield=prog	1124.064000	1124.040000	8119634611	OK	s10b-outgrown/brief_city_TNA.picture-only.mov
into_the_blue_TNA	s10b-outgrown	into_the_blue_TNA.mpg	720x576	16:15	25/1	25/1	0.0	setfield=prog	627.024000	627.000000	4296053124	OK	s10b-outgrown/into_the_blue_TNA.picture-only.mov
journey_by_a_london_bus_TNA	s10b-outgrown	journey_by_a_london_bus_TNA.mpg	720x576	16:15	25/1	25/1	0.0	setfield=prog	485.064000	485.040000	3571826062	OK	s10b-outgrown/journey_by_a_london_bus_TNA.picture-only.mov
a_warning_to_travellers_TNA	_library	a_warning_to_travellers_TNA.mpg	720x576	16:15	25/1	25/1	0.8	yadif=1	63.024000	63.000000	920420566	OK	_library/a_warning_to_travellers_TNA.picture-only.mov
read_any_good_meters_lately_TNA	_library	read_any_good_meters_lately_TNA.mpg	720x576	16:15	25/1	25/1	1.0	yadif=1	62.064000	62.040000	925075978	OK	_library/read_any_good_meters_lately_TNA.picture-only.mov
pedestrian_crossing_TNA	_library	pedestrian_crossing_TNA.mpg	720x576	16:15	25/1	25/1	1.0	yadif=1	124.104000	124.080000	1866254755	OK	_library/pedestrian_crossing_TNA.picture-only.mov
shown_by_request_TNA	_library	shown_by_request_TNA.mpg	720x576	16:15	25/1	25/1	0.0	setfield=prog	1095.024000	1095.000000	8021165504	OK	_library/shown_by_request_TNA.picture-only.mov
