id	scene	result	file	bytes	declared_bytes	md5_ok	declared_len
pop_goes_the_weasel_TNA	s10b-outgrown	OK	pop_goes_the_weasel_TNA.mpg	679494460	679494460	yes	581.04
your_very_good_health_TNA	s09-nhs-opens	OK	your_very_good_health_TNA.mpg	606527404	606527404	yes	517.08
new_town_TNA	s10-key-in-the-door	OK	new_town_TNA.mpg	580351604	580351604	yes	495
london_airport_TNA	s04-the-word-actually	OK	london_airport_TNA.mpg	666823460	666823460	yes	569.28
DiaryForTimothy	s14-a-life-to-get-back-to	OK	DiaryForTimothy.mpeg	1481983410	1481983410	yes	2239.04
festival_in_london_TNA	s10b-outgrown	OK	festival_in_london_TNA.mpg	667633004	667633004	yes	571.08
what_a_life_TNA	s07-victory	OK	what_a_life_TNA.mpg	784532356	784532356	yes	669
charley_s_march_of_time_TNA	s09-nhs-opens	OK	charley_s_march_of_time_TNA.mpg	634330220	634330220	yes	542.04
charley_junior_s_school_days_TNA	s10b-outgrown	OK	charley_junior_s_school_days_TNA.mpg	613250892	613250892	yes	525
wonder_jet_TNA	s10b-outgrown	OK	wonder_jet_TNA.mpg	1351722908	1351722908	yes	1154.04
111-adc-4267	s07-victory	OK	111-adc-4267.mp4	166694427	166694427	yes	614.45
gov.archives.arc.39216	s07-victory	OK	gov.archives.arc.39216.mpeg	485820358	485820358	yes	597.19
1946-06-10_Allied_Victory_Parade	s07-victory	OK	1946-06-10_Allied_Victory_Parade.mpeg	66838532	66838532	yes	153.48
ProudCity	s10-key-in-the-door	OK	ProudCity.mpeg	1278009462	1278009462	yes	1472.13
gov.fdr.352.1.4	s03-unemployed-builder	OK	gov.fdr.352.1.4.mpeg	529682478	529682478	yes	937.1
BrickPavements	s04-the-word-actually	OK	BrickPavements.mpg	344065401	344065401	yes	572.56
BetterHo1935	s03-unemployed-builder	OK	BetterHo1935.mpeg	125268869	125268869	yes	271.3
modern_guide_to_health_TNA	s09-nhs-opens	OK	modern_guide_to_health_TNA.mpg	616190836	616190836	yes	526.08
coughs_and_sneezes_TNA	s14-a-life-to-get-back-to	OK	coughs_and_sneezes_TNA.mpg	99822684	99822684	yes	85.08
dont_spread_germs_TNA	s14-a-life-to-get-back-to	OK	dont_spread_germs_TNA.mpg	72731740	72731740	yes	62.04
brief_city_TNA	s10b-outgrown	OK	brief_city_TNA.mpg	1315783140	1315783140	yes	1124.04
into_the_blue_TNA	s10b-outgrown	OK	into_the_blue_TNA.mpg	732090836	732090836	yes	627
journey_by_a_london_bus_TNA	s10b-outgrown	OK	journey_by_a_london_bus_TNA.mpg	568676404	568676404	yes	485.04
a_warning_to_travellers_TNA	_library	OK	a_warning_to_travellers_TNA.mpg	73739172	73739172	yes	63
read_any_good_meters_lately_TNA	_library	OK	read_any_good_meters_lately_TNA.mpg	72754028	72754028	yes	62.04
pedestrian_crossing_TNA	_library	OK	pedestrian_crossing_TNA.mpg	145545556	145545556	yes	124.08
shown_by_request_TNA	_library	OK	shown_by_request_TNA.mpg	1275699748	1275699748	yes	1095
berlin_airlift_TNA	_library	OK	berlin_airlift_TNA.mpg	714135164	714135164	yes	613.08
men_of_the_world_TNA	_library	OK	men_of_the_world_TNA.mpg	673622188	673622188	yes	576
wing_to_wing_TNA	_library	OK	wing_to_wing_TNA.mpg	709044516	709044516	yes	605.04
111-M-1211-restored	s07-victory	OK	111-M-1211-restored.mp4	1360270110	1360270110	yes	4870.59
gov.archives.arc.39018	s06-job-after-uniform	OK	gov.archives.arc.39018.mpeg	462732431	462732431	yes	568.98
gov.fdr.25.2	s01-dunkirk	OK	gov.fdr.25.2.mpeg	360530997	360530997	yes	789.32
gov.fdr.25.3	s01-dunkirk	OK	gov.fdr.25.3.mpeg	606947871	606947871	yes	918.66
gov.archives.arc.65841	s01-dunkirk	OK	gov.archives.arc.65841.mpeg	1046524402	1046524402	yes	1286.63
gov.archives.arc.36070	s02-home-to-what	OK	gov.archives.arc.36070.mpeg	2598037291	2598037291	yes	3194.27
gov.archives.arc.38936	_library	OK	gov.archives.arc.38936.mpeg	228617773	228617773	yes	281.14
gov.archives.arc.13595	s03-unemployed-builder	OK	gov.archives.arc.13595.mpeg	1239337109	1239337109	yes	1523.71
gov.archives.arc.88967	s02a-germany-1923	OK	gov.archives.arc.88967.mpeg	713484165	713484165	yes	877.34
