scene	file	result	pixels	bytes	licence	artist	sha1_ok	commons_title
s02a-germany-1923	In a Berlin Bank LCCN2014716642.jpg	OK	5085x3647	2736926	Public domain	Bain News Service, publisher	yes	File:In a Berlin Bank LCCN2014716642.jpg
s02a-germany-1923	French enter Essen LCCN2014715614.tif	OK	5072x3678	18655106	Public domain	Bain News Service, publisher	yes	File:French enter Essen LCCN2014715614.tif
s02a-germany-1923	French approach Essen LCCN2014715613.jpg	OK	5078x3640	2313799	Public domain	Bain News Service, publisher	yes	File:French approach Essen LCCN2014715613.jpg
s02a-germany-1923	French at Essen LCCN2014715612.jpg	OK	5022x3653	1958352	Public domain	Bain News Service, publisher	yes	File:French at Essen LCCN2014715612.jpg
s02a-germany-1923	Gov't notice of French Invasion at Essen LCCN2014715615.jpg	OK	5041x3640	2122115	Public domain	Bain News Service, publisher	yes	File:Gov't notice of French Invasion at Essen LCCN2014715615.jpg
s02a-germany-1923	French at Krupp statue, Essen LCCN2014715608.tif	OK	5047x3672	18536546	Public domain	Bain News Service, publisher	yes	File:French at Krupp statue, Essen LCCN2014715608.tif
s02a-germany-1923	13-1-23 Essen patrouille de dragons.jpg	OK	8460x6063	3552627	Public domain	Agence Rol	yes	File:13-1-23 Essen patrouille de dragons.jpg
s02a-germany-1923	Berlin - la foule assiège la voiture d'un boulanger et se dispute le pain à coup de millions de Marks - btv1b9024458p.jpg	OK	7000x5119	4535503	Public domain	Agence de presse Meurisse. Agence photographique (commandita	yes	File:Berlin - la foule assiège la voiture d'un boulanger et se dispute le pain à coup de millions de Marks - btv1b9024458p.jpg
s02a-germany-1923	GER-110-Reichsbanknote-500 Million Mark (1923).jpg	OK	5244x3024	5690874	Public domain	Reichsbankdirektorium Berlin	yes	File:GER-110-Reichsbanknote-500 Million Mark (1923).jpg
s02a-germany-1923	GER-116-Reichsbanknote-10 Billion Mark (1923).jpg	OK	5687x2996	5160844	Public domain	Reichsbankdirektorium Berlin	yes	File:GER-116-Reichsbanknote-10 Billion Mark (1923).jpg
s02a-germany-1923	GER-127a-Reichsbanknote-500 Billion Mark (1923).jpg	OK	4739x2341	3293509	Public domain	Reichsbankdirektorium Berlin	yes	File:GER-127a-Reichsbanknote-500 Billion Mark (1923).jpg
s02a-germany-1923	Reichsbanknote Zwanzig Milliarden Mark (20 milliards), 2016.12.1.4.jpg	OK	5097x3320	16787121	CC0	Reichsbankdirektorium, autorité émettrice	yes	File:Reichsbanknote Zwanzig Milliarden Mark (20 milliards), 2016.12.1.4.jpg
s03-unemployed-builder	7-10-31, manifestation des chômeurs à Londres (CNews) - btv1b53249445h.jpg	OK	6220x8704	6243027	Public domain	Central News (Agence photographique). Agence photographique 	yes	File:7-10-31, manifestation des chômeurs à Londres (CNews) - btv1b53249445h.jpg
s03-unemployed-builder	7-10-31, manifestation des chômeurs à Londres (arrestation d'une femme) (CNews) - btv1b532494442.jpg	OK	6220x8704	4915381	Public domain	Central News (Agence photographique). Agence photographique 	yes	File:7-10-31, manifestation des chômeurs à Londres (arrestation d'une femme) (CNews) - btv1b532494442.jpg
s04-the-word-actually	Technical School- Training at Tottenham Polytechnic, Middlesex, England, UK, 1944 D21395.jpg	OK	800x780	71138	Public domain	Ministry of Information Photo Division Photographer	yes	File:Technical School- Training at Tottenham Polytechnic, Middlesex, England, UK, 1944 D21395.jpg
s04-the-word-actually	Post War Planning and Reconstruction in Britain- Repairing Bomb Damaged Housing D24219.jpg	OK	763x800	102775	Public domain	Ministry of Information Photo Division Photographer	yes	File:Post War Planning and Reconstruction in Britain- Repairing Bomb Damaged Housing D24219.jpg
s04-the-word-actually	Post War Planning and Reconstruction in Britain- Grenadier Guardsmen Build Emergency Housing in Windsor D25712.jpg	OK	758x800	107262	Public domain	Ministry of Information Photo Division Photographer	yes	File:Post War Planning and Reconstruction in Britain- Grenadier Guardsmen Build Emergency Housing in Windsor D25712.jpg
s04-the-word-actually	Post War Planning and Reconstruction in Britain- Grenadier Guardsmen Build Emergency Housing in Windsor D25714.jpg	OK	760x800	107061	Public domain	Ministry of Information Photo Division Photographer	yes	File:Post War Planning and Reconstruction in Britain- Grenadier Guardsmen Build Emergency Housing in Windsor D25714.jpg
s04-the-word-actually	Post War Planning and Reconstruction in Britain- Grenadier Guardsmen Build Emergency Housing in Windsor D25716.jpg	OK	758x800	110590	Public domain	Ministry of Information Photo Division Photographer	yes	File:Post War Planning and Reconstruction in Britain- Grenadier Guardsmen Build Emergency Housing in Windsor D25716.jpg
s04-the-word-actually	Post War Planning and Reconstruction in Britain- the Construction of Temporary Housing D24228.jpg	OK	800x546	85862	Public domain	Ministry of Information Photo Division Photographer	yes	File:Post War Planning and Reconstruction in Britain- the Construction of Temporary Housing D24228.jpg
s07-victory	Ve Day Celebrations in London, England, UK, 8 May 1945 D24584.jpg	OK	2480x1676	1275921	Public domain	Ministry of Information Photo Division Photographer	yes	File:Ve Day Celebrations in London, England, UK, 8 May 1945 D24584.jpg
s07-victory	Ve Day Celebrations in London, England, UK, 8 May 1945 D24586.jpg	OK	1863x1441	1085221	Public domain	Ministry of Information Photo Division Photographer	yes	File:Ve Day Celebrations in London, England, UK, 8 May 1945 D24586.jpg
s07-victory	Ve Day Celebrations in London, England, UK, 8 May 1945 D24587.jpg	OK	1280x958	259496	Public domain	Ministry of Information Photo Division Photographer	yes	File:Ve Day Celebrations in London, England, UK, 8 May 1945 D24587.jpg
s10a-new-money	Northern Rock Queue.jpg	OK	2592x1944	682334	CC BY 2.0	Dominic Alves from Brighton, England	yes	File:Northern Rock Queue.jpg
s10a-new-money	Lehman Brothers-NYC-20080915.jpg	OK	4368x2912	5140104	CC BY 2.0	Robert Scoble	yes	File:Lehman Brothers-NYC-20080915.jpg
s10a-new-money	Bank of England Facade.jpg	OK	4032x2268	2120977	Public domain	Michael	yes	File:Bank of England Facade.jpg
s10a-new-money	Bank-of-England.jpg	OK	7200x5630	14398045	CC BY 4.0	acediscovery	yes	File:Bank-of-England.jpg
s10a-new-money	Threadneedle Street doors, Bank of England.jpg	OK	1877x2418	1817055	CC BY 2.0	Rev Stan	yes	File:Threadneedle Street doors, Bank of England.jpg
s10b-outgrown	Mac Millan (Harold) Minister President Engeland, Bestanddeelnr 910-7302.jpg	OK	2131x2802	729876	CC0	Anefo	yes	File:Mac Millan (Harold) Minister President Engeland, Bestanddeelnr 910-7302.jpg
s11-another-shift	Chancellor of the Exchequer George Osborne (6128163568).jpg	OK	2136x1424	769210	OGL v1.0	Foreign and Commonwealth Office	yes	File:Chancellor of the Exchequer George Osborne (6128163568).jpg
s11-another-shift	Budget 2014; Chancellor George Osborne delivering his Budget Statement.jpg	OK	960x640	528159	OGL 3	HM Treasury	yes	File:Budget 2014; Chancellor George Osborne delivering his Budget Statement.jpg
s11-another-shift	Theresa May (2016).jpg	OK	3705x4504	9238764	OGL 3	Andrew Parsons	yes	File:Theresa May (2016).jpg
s11-another-shift	Theresa May 2017 election speech outside 10 Downing Street.jpg	OK	960x640	306382	OGL 3	HM Government	yes	File:Theresa May 2017 election speech outside 10 Downing Street.jpg
s11a-money-was-found	10 Downing Street COVID-19 press conference, 20 March 2020.png	OK	960x640	1093518	OGL 3	10 Downing Street	yes	File:10 Downing Street COVID-19 press conference, 20 March 2020.png
s11a-money-was-found	Royal Courts of Justice 2019.jpg	OK	4146x2764	7013145	CC0	This image was produced by me, David Castor (user:dcastor). 	yes	File:Royal Courts of Justice 2019.jpg
s11a-money-was-found	Ambassador Earl Miller joined the inaugural PPE gown shipment. (50300381671).jpg	OK	944x708	141544	Public domain	U.S. Embassy Dhaka from Bangladesh	yes	File:Ambassador Earl Miller joined the inaugural PPE gown shipment. (50300381671).jpg
